,0
0,https://images1.vinted.net/t/02_01bbe_2HyzMYq3Ug3Z6DU7PBjCsZ4m/150x210/1712778134.jpeg?s=b287b864d8bea64af360b8e7209c348beea469d5
1,https://images1.vinted.net/t/02_00434_2fs4oCfg4Sd18DpTZbDaZJU2/150x210/1712773660.jpeg?s=ea2d4f6764d2b00b25a3cb00d227343308651f62
2,https://images1.vinted.net/t/03_01ec3_Swq8B13uBz6zUQRqhfThHHx5/150x210/1712773457.jpeg?s=dc1af045096f17edac85e7de06417abed243ce76
3,https://images1.vinted.net/t/01_00652_QpwWJoX3JUfMXhBm7dtkFDmg/150x210/1712672432.jpeg?s=2e163176e978b5057355c6d8f4e1ebabb1258ccf
4,https://images1.vinted.net/t/03_0153b_rTHft3Xnmg5wuMwq87AojkAC/150x210/1712672358.jpeg?s=d7ef8908c7c004651c0f6cbbe28e251c02d05a01
5,https://images1.vinted.net/t/03_02295_TZLkBFP8G5Yuc5SP4rMpc9pF/150x210/1712672280.jpeg?s=a51f0fc53afdb9a03b0511178d8e3c9a53325f6a
6,https://images1.vinted.net/t/03_01153_tXtpXGSgHn8RwXymGJhQsQXq/150x210/1712672212.jpeg?s=e6936a23f3d3296c7471a9ef8e85f1b0aa76c739
7,https://images1.vinted.net/t/02_0166d_KfLYQaEKDby6ZwsTrAvMuziv/150x210/1712672147.jpeg?s=2dad1b543df9820e0e5619517997c76a76931a34
8,https://images1.vinted.net/t/01_000a6_3fnA19ZKie6xNpGPUte9rEBg/150x210/1712672079.jpeg?s=a39e092b8598aecb4fc9a8b3433df6426ee6e122
9,https://images1.vinted.net/t/03_000dc_6YjS2cv3c9SDEWbHpZptwgLe/150x210/1712672015.jpeg?s=b82d5c70707c844c9bbb6f9496a85cd1fda53d16
10,https://images1.vinted.net/t/03_01841_6wg9TFNLVhyao5WJYuJzXFuk/150x210/1712671186.jpeg?s=0e2fc1fa52043dbacffe22a0cc69887a76476478
11,https://images1.vinted.net/t/03_01d7f_XjZFnKW4hmdZYSm4CGvbRvJC/150x210/1712671107.jpeg?s=ebc2333323a4aa799a1ec737122f339a42235a8d
12,https://images1.vinted.net/t/03_011c1_fxoKQccJcLt5zEVtnruRNYay/150x210/1712671030.jpeg?s=145557cebcfb30304b479e589c9162091cb24366
13,https://images1.vinted.net/t/03_00897_VQerC5Mb8477jQ85cQZgRsof/150x210/1712670915.jpeg?s=643b69601175861463e916ee5aa4a1495cc31832
14,https://images1.vinted.net/t/01_00762_mtUF9Kbtp4AnyyJXb9iE1gjP/150x210/1712670848.jpeg?s=199cf464f2220a5a983b9ac166d8b0aaa116b131
15,https://images1.vinted.net/t/01_0006b_D8uUHTVNxiTPn8gB6dQT2fxC/150x210/1712670759.jpeg?s=d26948b79ed8d25f5d6e7ab78c8473edb3311432
16,https://images1.vinted.net/t/02_016ae_4mKBBTSeC8zcFJAiqcFCpWnS/150x210/1712591764.jpeg?s=9a0f79aadc26a8a01ec6bb2af04c16f00a367cb2
17,https://images1.vinted.net/t/02_01905_DKZqtxoMbpsbXuQ2ibcvKyfm/150x210/1712591695.jpeg?s=0ea2191db3d6d5bd834bae53767ba26e91190592
18,https://images1.vinted.net/t/02_0171e_iK3vSiQQNkC6WmrcZVVUWfHp/150x210/1712591633.jpeg?s=200f4e32dcd7a1a4762b67a388a7531c2e2d5163
19,https://images1.vinted.net/t/02_01932_feqodbQPxfwW3ztH8BZK3QNX/150x210/1712586202.jpeg?s=c3e7d30ed31572c25cfed116bd84e93c95ac75b6
20,https://images1.vinted.net/t/02_012d9_HJM6UomQv6EbVe2rTz46ispi/150x210/1712586376.jpeg?s=5a8d8a68691f5817e9e15a7409db06e6dff7fe02
21,https://images1.vinted.net/t/02_01c6b_qtAv4wVMSroJVFTguXCZctLk/150x210/1712586279.jpeg?s=5474367ccfa0516728aae3cd5a179586694d6a2f
22,https://images1.vinted.net/t/02_00b4b_6i5vxxSnZyWV51SXGPgsdDpi/150x210/1712585880.jpeg?s=62c4be3c2347a9c2f248c28f16438366baae4dc7
23,https://images1.vinted.net/t/01_01c3e_o8LK7cTkb3XCYPkqnXfW11bx/150x210/1712584613.jpeg?s=b497e0549d68ae7ddac8fea4f40a222aeb161244
24,https://images1.vinted.net/t/02_00391_qD4N73jcL5rprQPNqf3AGK2N/150x210/1712585981.jpeg?s=e3134fda2796863d3b03ab2977783b7a7f23ae7e
25,https://images1.vinted.net/t/01_00754_1noJ1ux4NzxmG42wodmVNpG7/150x210/1712582803.jpeg?s=f18a03601460c4b3a9a2f3b8a3ee84261a17f862
26,https://images1.vinted.net/t/02_00eed_19Jf1KWqQXfc1H9XzEuqd3Gx/150x210/1712582721.jpeg?s=6bd8394f6f88a74ad3538fb3c190c6b2279c5eba
27,https://images1.vinted.net/t/01_00393_VUNQSkTnEifnbEoXupCjryxH/150x210/1712585698.jpeg?s=6a09c6411ce354356219b6826490812c0658d2da
28,https://images1.vinted.net/t/02_00f5f_jbWnjGGNCByYrBnE5qwZjNmn/150x210/1712585799.jpeg?s=70cd472477c88bd644c54ac79c94771843085cad
29,https://images1.vinted.net/t/01_01fde_KVKja9Sgv7t8o6QqnJLqBbm3/150x210/1712582643.jpeg?s=2d5b99ad6866e4e5543702a0fc5fd76bd7e199df
30,https://images1.vinted.net/t/02_025db_VJvurazUHjNtM4hZeYvV1zi3/150x210/1712582543.jpeg?s=0573cf2e1894118cd07f0f6e4035a46b6eb553db
31,https://images1.vinted.net/t/03_01ccc_tv5zr21yJ7YLPEP18u1tAAYf/150x210/1712582043.jpeg?s=890f7c444fe3991b9eda6da9e1036b7cb74480e6
32,https://images1.vinted.net/t/03_00aa5_tdghaPy5vitz9ha4MbaWyfmV/150x210/1712579264.jpeg?s=882ad93cbad9c479ec40474f4173c79fce7b9821
33,https://images1.vinted.net/t/01_00fba_J5atcqPwiYQ47C3eMD5Fd5DV/150x210/1712581106.jpeg?s=754ab4b422225b3230f1f4e345a750b528d6dffe
34,https://images1.vinted.net/t/03_00697_UU61nZY3RyjPXuDBe5sUJWic/150x210/1712581010.jpeg?s=8ba9f3f3360565fa87926330253b70b044279084
35,https://images1.vinted.net/t/03_01598_eQwvFtWTn4g3H7XcaCmM5xJ2/150x210/1712579115.jpeg?s=c61e6601a990f61b229c3374fb3fa0b4d15dcca1
36,https://images1.vinted.net/t/01_01e8b_7fVMNA4cN3s1XFeCWQh6Q9QE/150x210/1712578454.jpeg?s=f54d832afab83ef6e6021907724f5936adf08d6d
37,https://images1.vinted.net/t/02_01ca8_43JiP6e9eyFk6y5uLaHbDnSW/150x210/1712578593.jpeg?s=92e3152c3c7c6cc2fc6dc761ee51cd813ec3a1b3
38,https://images1.vinted.net/t/02_026b7_siRhchiXTNZjMHcCdBo63V1Z/150x210/1712577038.jpeg?s=485387649b2399bebbd1652f8a44e366dfa79f99
39,https://images1.vinted.net/t/02_01eae_CwXL7Svy6bSiR7SYbsTc7EEz/150x210/1712576646.jpeg?s=d1d370aee458aa3d3ceededae3481192af81561a
40,https://images1.vinted.net/t/01_02476_Tnhb25ju8P8XLLSxXteQ8MMC/150x210/1712479302.jpeg?s=ed5f16147621121eea3b9b9ec35019598c264bf6
41,https://images1.vinted.net/t/01_00aca_zUVHTsX5Rho1APDSgNWJ443S/150x210/1712479478.jpeg?s=4d496ee84c95c0352e42a6562f454ed15122d06c
42,https://images1.vinted.net/t/01_01dc5_2PdGbjXAUQfgKrxmxn3hC2ns/150x210/1712479379.jpeg?s=7e8e5600b20ebfc696ecf4ac931a6f378e0c3a00
43,https://images1.vinted.net/t/02_005c1_2Lf6vkSqfLBZFjuXgfqiB498/150x210/1712478236.jpeg?s=0d4494608993b709bce02816a679c299d262e406
44,https://images1.vinted.net/t/01_01d09_aX7ZPMbtCjjK2QVRGaxdffxa/150x210/1712477832.jpeg?s=1a450e129edc79d5f2fd56d1348fe5bd667aa46e
45,https://images1.vinted.net/t/01_01698_qJGVh6qxhBZ5CznkDF26Ptp4/150x210/1712477750.jpeg?s=f793b82c48bb42f399a8e83fd906278b0ab8809a
46,https://images1.vinted.net/t/02_00974_zxzqGwcyDC6mRqb35SbQpBbz/150x210/1712477615.jpeg?s=7d8ebf2f7aa2bdc27e18bab4aad3c57302f9c392
47,https://images1.vinted.net/t/03_01d2d_xvQmhJsqr4tT4Yq2AcKQeWt3/150x210/1712429574.jpeg?s=8cfff71bda4f769b389c666b58f00243a10b41b5
48,https://images1.vinted.net/t/01_014f3_b1GSu437FWNYPKrr7YzS4WaY/150x210/1706904111.jpeg?s=134ca49415de1eca303c813bc63d6d916b21f773
49,https://images1.vinted.net/t/03_00ba2_bAMQFnW5LqHQjtUG9PtGncGB/150x210/1706903999.jpeg?s=fbf9ad83ca098c496b06ba810c88b9276fccb848
50,https://images1.vinted.net/t/02_005f6_32EiF5r3hbpPBFt5pyztZ4JW/150x210/1706903895.jpeg?s=7b89a4c3d076a43b5867a3286b8365b01f1889c7
51,https://images1.vinted.net/t/01_00376_3hcGGQKGv4bkVddL9xg9Vf7q/150x210/1706903804.jpeg?s=b0a542f3cd918c0b876775e29a04656814dd1c86
52,https://images1.vinted.net/t/03_016c4_vijNeUQKfaSKSmPKhfaFHQ3V/150x210/1706903664.jpeg?s=7eb09b22a2a32350b4af7d30d46246c5ca52eab6
53,https://images1.vinted.net/t/02_02250_nHJF2HHLwBk8aQaCCGPwBiv3/150x210/1706903097.jpeg?s=883b01c1811b0d30936b7bfdeb2a148d2e2c9428
54,https://images1.vinted.net/t/01_00c75_t5ZPpv1WM4iB7DFmaRvv7Gpq/150x210/1706903015.jpeg?s=35a645dda90a1614fb7c9d627bb2015026f37b68
55,https://images1.vinted.net/t/03_01ad4_FrddxnHvJ5tspFNg2mstqi6P/150x210/1706902040.jpeg?s=2d2fe386121f3db5c1d4697fb762c11c9db58e31
56,https://images1.vinted.net/t/02_00210_Dn5uraFUyvVsE555Q2BiFJME/150x210/1706901948.jpeg?s=cddc4a6fb395258b030a6e2b6bf5b516826bf89e
57,https://images1.vinted.net/t/03_00f98_TJ3tWpnKfn1YgyMcov8k2Bpb/150x210/1706901882.jpeg?s=af1484ecde8d755cf43bbfdb56fc9e2b004d0d70
58,https://images1.vinted.net/t/01_00745_bhRZKZboN6RFeC3sxX4BDhxd/150x210/1706901807.jpeg?s=fab7a8e046fe893fb13cbbea53690bccce5813ca
59,https://images1.vinted.net/t/03_00b79_59C8tHfiM4G7nKrjzf2zztzn/150x210/1706901507.jpeg?s=ce537f18cb73b56b3d62b97de1ff7ebadfe06980
60,https://images1.vinted.net/t/03_0259f_t7jpcnuZjpDPb1YwJmUyuCFq/150x210/1706901422.jpeg?s=0f1fe35ee22340f0d76b086315c446ba32e6ef0a
61,https://images1.vinted.net/t/03_00ff6_wjUJdVSLUF68Gfb6eavWtQX5/150x210/1706901090.jpeg?s=2a9a5f9608b325e715ede92544f01ca440c7f6ba
62,https://images1.vinted.net/t/01_01917_6Umz51mktXEVFeoMoTbsWfbC/150x210/1706900888.jpeg?s=893779da9c0366d1ef859b0677178b651b4bf339
63,https://images1.vinted.net/t/01_00e03_6ABy74eeprAPGdAKwPGarofF/150x210/1706900809.jpeg?s=5a0f446e841c28d390295362d36e2773e8476bc1
64,https://images1.vinted.net/t/01_01732_17eUCw3pTPMPzUMz4L1z6kD8/150x210/1706900734.jpeg?s=0e4e7637cc4008cc62f6d302c9318a8884d0bc26
65,https://images1.vinted.net/t/02_0126a_YJmeRHvS4Me7kBEHqWr6THx8/150x210/1706900584.jpeg?s=91ac5788dc19d1288f269014bbec7f2112089efa
66,https://images1.vinted.net/t/01_0251f_QzdNnq94fbzTy3Vt7evktBza/150x210/1706738939.jpeg?s=a70835f04e760e42772bd4eef74fb9848f6194d3
67,https://images1.vinted.net/t/01_00f96_XqJPThfspQZVQHWZUjfJLxV8/150x210/1706738788.jpeg?s=4a2d0218d67e32f12c8a3898f1c94871b40dbbe7
68,https://images1.vinted.net/t/02_00dd8_QeExD21LGCZdYZvTVRVmwKEy/150x210/1706737332.jpeg?s=131b06ec412022225c668e0afa483d7e6b600ad5
69,https://images1.vinted.net/t/02_0209a_cnkHCHrtaoi7qvDJZkmsmw6y/150x210/1706736901.jpeg?s=6d2daba7a47cc5bde006bbc9a400432490e2b8e2
70,https://images1.vinted.net/t/01_017f6_nT99H7Gwots6EfeBbKZwbZi9/150x210/1706651389.jpeg?s=a2deabd588a456143462fc8a49735f1af914e93a
71,https://images1.vinted.net/t/01_01b1e_DUBq7HH6ENB93H9AP1qDaehn/150x210/1706651333.jpeg?s=2ec509d3ef1af90d97f37d76ddfcdf71ad353ecd
72,https://images1.vinted.net/t/02_01e98_rou1wATJKvt5MuSnBQNjA9Jg/150x210/1706651198.jpeg?s=372cc9a14039de1b2bb8d61885842fc9d773629e
73,https://images1.vinted.net/t/02_01894_K2c2ji3SJnK1sMC6FULD6hGP/150x210/1706651156.jpeg?s=8d9bad1cca5e9912edf25684ad36ef9c317d8fbd
74,https://images1.vinted.net/t/03_0119a_Nfibevp4BAJpe1ARSgpC7Q2Q/150x210/1706650941.jpeg?s=2473679e4f68605938dbd104d5e64a03ae55a796
75,https://images1.vinted.net/t/03_01208_3avgHS6TSvGyZjfsVFASjtLz/150x210/1706650880.jpeg?s=0d25f6b1e5f71d8dea5f12947e547311c050ec92
76,https://images1.vinted.net/t/02_01a8a_EuqzrtFYjyEbjuC6TmPQqT4U/150x210/1706650790.jpeg?s=318c2e16eb627c9bbbcd511c48d3650beae92030
77,https://images1.vinted.net/t/03_01247_9VreWGrmgQvdDHBdyqvemFzq/150x210/1706650693.jpeg?s=864d08bcb2d560cfdcc66a7202bde513558e81ad
78,https://images1.vinted.net/t/02_00a59_L8hk8pLHiqmHTAzz1ePGn8ig/150x210/1706650546.jpeg?s=3351d38b25ba019175a9bb1504fcf83b68e12fed
79,https://images1.vinted.net/t/01_012d0_uX1NkDX5sZhVjvWXKTB7vkrW/150x210/1706650456.jpeg?s=cf22f5367ffe4a3d267aa0b446d656ea6e5862e3
80,https://images1.vinted.net/t/01_00252_13RYrkj4E7KTSnTtmSvwdsTS/150x210/1706650399.jpeg?s=5916798eff996de443899eed3dc8b6991f502dc5
81,https://images1.vinted.net/t/02_00c56_inQXozG99XqPjPHVVpnpJSU4/150x210/1706650339.jpeg?s=bd63f7f8c6b7da48359f6d724e07fb9f856d2188
82,https://images1.vinted.net/t/02_01f2c_V1hM4yZwdZQzk7jXhsW2Vxjb/150x210/1706650277.jpeg?s=a921c83f2b1c0a72bae5911bf1f0d48ec70bec73
83,https://images1.vinted.net/t/01_017dd_xWAkG2vwt2nYmQ9KTbw2ogc1/150x210/1706650074.jpeg?s=6ed7b89829f15ee7b11bc78469e629b63a043b68
84,https://images1.vinted.net/t/03_003dd_exGVFVuJ2LDXpvXwbjdHxeGZ/150x210/1706650002.jpeg?s=4959d09990b6248d0cc3f65e27ec2eff3a78df40
85,https://images1.vinted.net/t/02_01a21_Uj4t8C4ckd6eSsQQ4z8cyB3A/150x210/1706649932.jpeg?s=2d41263382f49db7f3c809fae7b5b0553fd04c1c
86,https://images1.vinted.net/t/01_00119_HnfVw69tRiCSHA8SpNd3mGxy/150x210/1706649802.jpeg?s=9a4d936cc0a6875162213fa31a66269d1514e647
87,https://images1.vinted.net/t/01_0137e_Lj5coEoj9qmXLqWjMHZzbUpK/150x210/1706649722.jpeg?s=3ad8025d7289489d0df8c602e3e1b278577e3bee
88,https://images1.vinted.net/t/02_01e64_RnSHAWGuoActpueimhBUdqi4/150x210/1706649609.jpeg?s=b1fd4a8e218f5404a26c1e560515a7a586d0ab0b
89,https://images1.vinted.net/t/03_02250_9CC7qoxVAUFLGaCjYN25hgJd/150x210/1706643639.jpeg?s=928f41854cd2c67843ec21525f805936217cffbb
90,https://images1.vinted.net/t/03_0122d_emxHVA42CgzaTdTyPvth22Nu/150x210/1706647301.jpeg?s=722f0aef1de30a24accbe85d13e54ec229359851
91,https://images1.vinted.net/t/03_02601_VhCgjj2XGmHLGYAeheCDSegx/150x210/1706647205.jpeg?s=a53d13999ec3523d73a9112f54357c81b8f00627
92,https://images1.vinted.net/t/01_01aea_mREZ3NwGjGKo1PcXiEdApBRQ/150x210/1706647156.jpeg?s=9fce5c8bda82f93b2a5ee19919481ecb10ec355b
93,https://images1.vinted.net/t/03_00e6c_FreaJ1tKPMZt5Pmt8sWgKJ9Q/150x210/1706647054.jpeg?s=b315bb88f7e9e5198677711978e5116bd81ebae5
94,https://images1.vinted.net/t/01_0174c_bWTwLxKGuP5Hf8CPJWh7XHew/150x210/1706644023.jpeg?s=dc12c9acaf84b785057b297d9ec11b595bcfb797
95,https://images1.vinted.net/t/03_01fd9_fRJaJzFYyLZaFx3qWke7fhzp/150x210/1706643958.jpeg?s=d15d0837b80fc651b08c6d0b00e51f658f675119
96,https://images1.vinted.net/t/02_00cd2_aiyysUE56vAjoGb27qLSb9A2/150x210/1712257331.jpeg?s=d867e27b386fc932a8526c3b1d64291296d33f8a
97,https://images1.vinted.net/t/03_0141e_PTkuud6EE4cD7vwjR2QjmJUw/150x210/1708779540.jpeg?s=5c78b3b30a6e442b66dfadb0389f8f9218939cbd
98,https://images1.vinted.net/t/01_00f84_DUmHUtQ1cBa4fgAKyCESyBJu/150x210/1708779341.jpeg?s=c19a186d99c9e4d0ccabf726eab4d32d3ab6abf2
99,https://images1.vinted.net/t/01_02481_iLyasbTVboAemJhx8f4713iy/150x210/1708779272.jpeg?s=a55cb87cb2b5dcec9ab78654654b4cf610804112
100,https://images1.vinted.net/t/03_00806_kjom1WtLh48xFjV95KFmoM6p/150x210/1708779204.jpeg?s=942c0bbd9d3290dd4a59b5fa640db56abff2c071
101,https://images1.vinted.net/t/03_00d37_EcMqgvvP6j2ApqEMVUWcVv8N/150x210/1708779096.jpeg?s=ad1d356ed205ab36faf6c835869f0df2a6b54be4
102,https://images1.vinted.net/t/01_01e95_UCDuHNtVqwiqehKXkUKow963/150x210/1708779116.jpeg?s=6716ef9691289e583798e6aaa9b478be547cb1e6
103,https://images1.vinted.net/t/01_00e3b_tgbJ8qwoygqowHCZZEsa17yx/150x210/1708398169.jpeg?s=f1b273cb64f9bc175ad64eebb847a8e0df2b2abb
104,https://images1.vinted.net/t/01_00433_YPwXZdjGeE8fCSEwpoHkS2vT/150x210/1708397533.jpeg?s=b9fa5ea14ff9df9b63c3d0ef328facd7e7c9e9d1
105,https://images1.vinted.net/t/02_00b9b_XmZBTX3iZ9jKBHnAgivC3nP3/150x210/1707937535.jpeg?s=f83ec7de70cec4d7549321f65354001a5ec7be2b
106,https://images1.vinted.net/t/01_00370_2FNqJPyUSVZpqvgzKPXGHYkN/150x210/1708399124.jpeg?s=c6125b0e33ecbc99c294f536fc94a1281a75b400
107,https://images1.vinted.net/t/03_00081_UbwKsq3khxWPZDyo7m6PHux9/150x210/1708398939.jpeg?s=2147ce6d1b626e91d5b2bb68ea50fc2071f8ce3e
108,https://images1.vinted.net/t/01_00093_ZqygjviyJSznYQzy9JHP54eo/150x210/1707936807.jpeg?s=e0a0f608da4fcff3b08dfd89b300aa445463f208
109,https://images1.vinted.net/t/02_023c5_mPvLUt34kT2VAHQ6AGLDcRop/150x210/1707936463.jpeg?s=864808ff9bb29ca5de82262454edbd40038eb19a
110,https://images1.vinted.net/t/03_001fa_gDqS6Eqaw598NXQyoHxPYpLq/150x210/1707936376.jpeg?s=ccfcacdbe63f9149bc65eaa0cfbbbe00b4abd713
111,https://images1.vinted.net/t/01_01757_HWVk1mE89z1vwJNPvDxFfQdu/150x210/1707775227.jpeg?s=9e3821d587521d4a4d65ee9cba5c6520d5546751
112,https://images1.vinted.net/t/02_00031_TYp1PFK3o7R8SN3xnbrWSVJ2/150x210/1701865969.jpeg?s=9e00d62225ffafab212c4f195ae09eace2229a91
113,https://images1.vinted.net/t/01_0170a_DXB2fZ6HZkKPRgVPsCN8uaF9/150x210/1701340166.jpeg?s=1a0d2f29725c4a6ec348dbcbfca53e3a6d3cfe1d
114,https://images1.vinted.net/t/02_00130_x6cSBhoLZXhYjekU4WXrqXfq/150x210/1701003692.jpeg?s=d5bb53d59491265b880cf3b4e8732160182f5680
115,https://images1.vinted.net/t/01_01b95_MsBt2GLUNvpLvUjug9ouKMuZ/150x210/1701003470.jpeg?s=fd8ca2c684364ca241e6aac9bc3b28dcb2950fc7
116,https://images1.vinted.net/t/03_013f6_eCLb7rFdKoX4yDKWuLteF96B/150x210/1700997881.jpeg?s=6b937937bc4cb32b935eb2a16b303fcaa3bd450d
117,https://images1.vinted.net/t/02_00329_kDvzpJoAhPZfzb1bBDF1qfkp/150x210/1700997077.jpeg?s=1bc8500d59655d021b80d6dc2227349b39cbf554
118,https://images1.vinted.net/t/01_0168c_HPr6xR9Dtxi9D1duD5Ze52r8/150x210/1700996751.jpeg?s=0cde7388fd427933ea9578d0722ed7a3dad2b531
119,https://images1.vinted.net/t/01_01b4c_QLNdrVUq1hAkSVnq4bGoNFdP/150x210/1700996004.jpeg?s=0246bc7e35191e4f9356a1a621298ff15773fcc4
120,https://images1.vinted.net/t/01_0146b_9yUyFixErXzXtNhQr2WLJGFu/150x210/1699254065.jpeg?s=6dc806bfb8d5e039f1c326c210a472a6e25e643a
121,https://images1.vinted.net/t/03_00f62_XDqpBkEnTKS6SxftgYYFo6L1/150x210/1657621422.jpeg?s=c46f79dafbcabb7599f77a419d2acd975a2a3d13
122,https://images1.vinted.net/t/01_01060_iFFdccLZuPY4GWdVh5iRRp9M/150x210/1617536683.jpeg?s=de376c9762c6dd1779993e22b2d17319e46eef3f
123,https://images1.vinted.net/t/01_00302_SZKswAwBWBm99M75tfdQzDTs/150x210/1708876039.jpeg?s=d7a1da9397c8877ccfee6094cc3792ae6d3ded07
124,https://images1.vinted.net/t/01_001aa_1WDTYU9Vn1uLvAzoykJEgBgW/150x210/1708875691.jpeg?s=be6f2299baff2e6414e11fefd78f34e4ed6734e0
125,https://images1.vinted.net/t/01_0061c_TjNXttqFsY8NAQZQceRcsnUV/150x210/1708875640.jpeg?s=a2e6cb550a2a52821ab7b49f891be01d3c47d231
126,https://images1.vinted.net/t/02_017cf_KFFA8rZKNcz5rLZusKTjSJRs/150x210/1708875564.jpeg?s=5f31dad87b88472bef8f0857d69aecc63983d4ee
127,https://images1.vinted.net/t/03_01633_3rW3z6RNqMkdmGbe2TismLDY/150x210/1708875459.jpeg?s=67ac050931ee34789c14b0858b928748ca0c7401
128,https://images1.vinted.net/t/01_001da_R6cyuYUDeB9gyuvYr3qVfwtw/150x210/1708875287.jpeg?s=afcc0ce96aaecf6da4451b13632b8ea3c49898cf
129,https://images1.vinted.net/t/02_0100b_7RZKMMBDCiqCNmDvPNRPz8C4/150x210/1708875137.jpeg?s=2b2a39f4d7a9f911b72cdaf0f3e11de72f70bf1c
130,https://images1.vinted.net/t/01_01054_SDBpFnTk11hX7fGXDQqSNbBF/150x210/1708874595.jpeg?s=591c2ca4567038901b7612bcee627bcfa913a958
131,https://images1.vinted.net/t/03_005c0_ZaDUQMVm4GLpLzKmoyzd5myD/150x210/1708874519.jpeg?s=e7a90092b585f0baa1c0208a53554cacccda32a0
132,https://images1.vinted.net/t/02_01aa4_ZP8riLS9DWh5W4E6p3Tf22Yn/150x210/1708874733.jpeg?s=a47358e3c1d08ccd75c992f714c352cda4a28e61
133,https://images1.vinted.net/t/03_0214d_Wzss5LQHaY1naPs2BT1F4uZh/150x210/1708874328.jpeg?s=a1573ffe015e334b843de835a08ee5ebf990b631
134,https://images1.vinted.net/t/02_01a47_eh482Fv8fs42ZztU6C8mHvvy/150x210/1708874159.jpeg?s=e585e22dcf7ea161f5f1e09a9c64dc1d6f74e847
135,https://images1.vinted.net/t/03_01317_72eoR4GiRH1cuYA6vyWFoao8/150x210/1708873971.jpeg?s=84b5d8ca85018fd8a9d157bf10950646a9d20b58
136,https://images1.vinted.net/t/01_01e31_DC7Gpkc6am83mqzgFKe3gzaG/150x210/1708873906.jpeg?s=7ee78e2affb1bdf7d06c2cbeba5444b7bc0ad8c0
137,https://images1.vinted.net/t/01_01f08_LWQN58HFy5u3yZyNvjuVadWa/150x210/1708873813.jpeg?s=5268e4b9588c8041bcae594e81a3a074ddc251a8
138,https://images1.vinted.net/t/02_010c7_7KHBXB1fYXsKDGbR1neV9XXy/150x210/1708873618.jpeg?s=ba47fcfeab3bb2fe9cf70840f7352fc61e5df168
139,https://images1.vinted.net/t/03_024c6_Ervx7xatGLBi5rSsTGMbAHyP/150x210/1708873494.jpeg?s=9d71b2a3f581570d88f019f40190d8c72e53df1f
140,https://images1.vinted.net/t/01_015bb_eywn9NM5c9PvEwzetAxRRVyk/150x210/1708873428.jpeg?s=30520ea06db147bc3cd2147951b6cef1a6778986
141,https://images1.vinted.net/t/02_01850_MagPpsWJsmhQzTxUEEZjyp16/150x210/1708873369.jpeg?s=00e27222a5e46c81f74da2d898ce658e8214c2de
142,https://images1.vinted.net/t/01_0196a_yqTWPcJbZMsGZ4XG5sqoThzb/150x210/1708873283.jpeg?s=1d4e691b42f1bf47e018607e70e25d74973ef539
143,https://images1.vinted.net/t/02_00b75_fBUk7yM6vjt6BkAehp78xwkg/150x210/1708873168.jpeg?s=ef4b8f3517bd625e56b8266d85a66d88af4e8650
144,https://images1.vinted.net/t/02_01679_1rCQUDtZTV7DghQt3Pjo9PZq/150x210/1708873112.jpeg?s=cda2abb3cae4d8c877b6263c3a5696a63b5682e4
145,https://images1.vinted.net/t/03_011b7_wTAxhtM6J64WfDfhLcv28Tuc/150x210/1708873031.jpeg?s=cec7a70efad7334736678b17d7d2658a209915c1
146,https://images1.vinted.net/t/02_00517_JQmieQxaZ4p87X99o7QgyAz7/150x210/1708872916.jpeg?s=552507df1bce4699e6f86f93800234bae6aa5793
147,https://images1.vinted.net/t/02_023c0_e3TroRYaU4DUG2n1gffDzLaA/150x210/1708872808.jpeg?s=5aa7d3b17232312b2879edf66a458bd0e0b8d4a4
148,https://images1.vinted.net/t/01_012d0_2v6CzTbveLCxRFfkooBH42Ny/150x210/1708872749.jpeg?s=30516ff2f6a1356303796230e3c97c64ed48015f
149,https://images1.vinted.net/t/01_009d9_5fppehAHyxoys54X8uStXmE6/150x210/1706561786.jpeg?s=6889cd878a73a706cc3209e1ededec2eff0b795c
150,https://images1.vinted.net/t/01_02563_PW3vicKSdw16T6XrQhqoYb8M/150x210/1706737121.jpeg?s=b0d4b2f3bccf794ff81a0483a369929f6065e6c8
151,https://images1.vinted.net/t/01_01085_zPZMWaGsJQnFRtJixWfEfZL9/150x210/1706737051.jpeg?s=b02937fe2e2e7bb02f056de1e85ec6c8fef5bd34
152,https://images1.vinted.net/t/01_00605_tzzv2dcP3T2dyBSA7yoD4nBU/150x210/1706736939.jpeg?s=767475dfbe84baf5c74471c2280cfe7e94706831
153,https://images1.vinted.net/t/01_02580_DxiqsM7xx3BDmjj8aHhYvYGR/150x210/1706736788.jpeg?s=06ac568f6df92f475c8e71a046bb3b14c144320a
154,https://images1.vinted.net/t/03_01f98_zdYZh2KojL3qwGrjzBmAv4HV/150x210/1706736699.jpeg?s=117fc25578be9628e2bbba656488ee089fb2ad04
155,https://images1.vinted.net/t/01_00c8a_8QVfgkUoPzPLDQw6v1KgxUgG/150x210/1706736543.jpeg?s=8b8d182cb68e08ebed4bd54157fa9c5fe61a1c3b
156,https://images1.vinted.net/t/01_01482_WhNUZgyFFcTtaVLqtJSeUMvH/150x210/1706736435.jpeg?s=0cee391ee56cf90af04349f852bee712d7e47ce4
157,https://images1.vinted.net/t/01_002d0_ho6KvunT9JtURtvG3sQhJtyD/150x210/1706736325.jpeg?s=c213231de65119ed41cf67780b2f82bfbc38ddf5
158,https://images1.vinted.net/t/03_0084e_8a6tFfD9Yf4M8Q26aAFmXunL/150x210/1706736127.jpeg?s=024c26a8a1cc29b9dfd90d4802a194145bfe2ae8
159,https://images1.vinted.net/t/02_019cb_D8weBuUh69jxE6f3X3QxpvBh/150x210/1706623364.jpeg?s=4a490f4407d94530d79cd4e34599fa43e53c7580
160,https://images1.vinted.net/t/03_00482_czKJRBhCKCqRJysNSHJckVLS/150x210/1706623170.jpeg?s=6d97477d2ff43df267b3894bb8bf13c4b4529b97
161,https://images1.vinted.net/t/01_00a48_ZFt2DkTkXDDtaage6sPvWw3K/150x210/1706623071.jpeg?s=472baf677e78753d60a9aa8d22a69f7fa51208ea
162,https://images1.vinted.net/t/03_00258_wQ6K6VCbLxLGKgDV8hMdUZcv/150x210/1706622774.jpeg?s=09bce1e2319ef9a3334001cff2f4fce71e283a6a
163,https://images1.vinted.net/t/02_0194c_PySYibuBmtYbRvFjdaMK1hmM/150x210/1706622659.jpeg?s=aea8157e346da5eedc214fef5c4788331b9d8b54
164,https://images1.vinted.net/t/02_00228_ZivTtoCa8njsvjivKbnmNCfg/150x210/1706622508.jpeg?s=3494ebe7bba9fa19d3b81c439e9be8493db27b02
165,https://images1.vinted.net/t/02_0084e_8XwUJzw67xW42Bn8szLQEpgM/150x210/1706622417.jpeg?s=5c2419300394219606e64c21d6f5402d7de08797
166,https://images1.vinted.net/t/01_018e2_knGdBp1J5jYTfyS2b5hcA9VP/150x210/1706622314.jpeg?s=f29a55f64f48b142c016566422c4327f1a986b5b
167,https://images1.vinted.net/t/01_00540_b9SV5uUZeavWRmmMsbMveDhD/150x210/1706622163.jpeg?s=5d00618d5088af49e0f3a35ff0835219b144e7f3
168,https://images1.vinted.net/t/02_024a4_jxLs7F2kYJfRt7oRHvsWwEXK/150x210/1706599827.jpeg?s=4c272e02a49edf78d463f35bdfc5e784e8d70d17
169,https://images1.vinted.net/t/03_01c8c_zoeRkHvYbPjtjTxgjLqxmGct/150x210/1706599715.jpeg?s=75da8d03dd4128ee708f683bf1d58ba8d0b83cdb
170,https://images1.vinted.net/t/03_01bff_GYqW5Gk3WmxBsNaMgRh4L1sX/150x210/1706599567.jpeg?s=a42b07634635995520ef86abddb0e64301015aa3
171,https://images1.vinted.net/t/02_00d56_jKSLRJe1nnkqTWDkRxwL6bVi/150x210/1712134868.jpeg?s=017d3c3d1d642099c9282f43cdf04333f2ec9db7
172,https://images1.vinted.net/t/01_009c8_2rUs2BbUNbT3YopG9UXnCZzF/150x210/1712134373.jpeg?s=b7f3b05a303c4462917071828ccf771d488e372a
173,https://images1.vinted.net/t/03_0102d_Uwwx1dbzirahLbfAQ5ehrHwc/150x210/1712134044.jpeg?s=da1b358f6f0e4532822abaf70b508c13f4fc411b
174,https://images1.vinted.net/t/03_00ac1_j3szgcWJHytUGU9PPhWsc3Ph/150x210/1712133724.jpeg?s=6cf87cfab87f13b9d3d0aa5a9e238551a40156a7
175,https://images1.vinted.net/t/01_015ca_e8ZA1PwgJSuMcP5gkf9e9tTN/150x210/1712133566.jpeg?s=bf164cf2ed7fb9f05333650464c9ee7d65aaeb7f
176,https://images1.vinted.net/t/01_01cbe_DUxtBLUbTNpZKc8LUASgrvYs/150x210/1712133203.jpeg?s=159def89fac2046ea21b1ee35bc51f94252acc21
177,https://images1.vinted.net/t/02_00020_phN1q6BVPsMKuQNEbFjzECm1/150x210/1711789364.jpeg?s=704c64ee18164139367fa04cc8486c36fe5f838b
178,https://images1.vinted.net/t/02_01f8f_Ty5kHa16dVkAkD2TtPGNQf1q/150x210/1711728274.jpeg?s=709086f6ecb93cc2da6117a0353841ab47080f99
179,https://images1.vinted.net/t/02_00b66_maq2ej94Ua6C7JqMUukF4yA8/150x210/1711728097.jpeg?s=1fe21041c6c6a792cfe010c6e2876f5b3a6c1dfd
180,https://images1.vinted.net/t/02_00fc0_2bZcPoUX8F5T2VYcjP1BVX2d/150x210/1711727908.jpeg?s=a3e2ead416f45de3958b62cb62f83c3b9b20477a
181,https://images1.vinted.net/t/03_01ee2_9Z2TJ1KLPuBCGwmaYC7buDCf/150x210/1711727647.jpeg?s=bddcb33bfc0b4dce4e2a0c6f1e7b217c24ee128d
182,https://images1.vinted.net/t/03_0098a_TCJKCrsWdWD2aCJTuxdZHeBH/150x210/1710601906.jpeg?s=09e2e11b85a575ead018dc2abb054c146616c9ec
183,https://images1.vinted.net/t/01_01d88_PPD4KV2Q5xH51HVj5GNcbtTk/150x210/1710411464.jpeg?s=bddc22c02c7abffec76245cc1c11cf2021e8970e
184,https://images1.vinted.net/t/02_00877_peEBCGFfbAScfRnMTEEWYqjD/150x210/1710411228.jpeg?s=3cb6e06248d02f35893ac37ac2dc121b6515869d
185,https://images1.vinted.net/t/03_006ac_KQivLDsBFLy9j7K5ipcehNKS/150x210/1710411112.jpeg?s=2500cee23280c9f5c9f6505901c97d1da2974ad8
186,https://images1.vinted.net/t/02_018cf_vXAkqfTtyTeCKTC2txfWMmRo/150x210/1710410982.jpeg?s=34f9b2029358f06506b7c44784df30dc03991e99
187,https://images1.vinted.net/t/02_00599_us7ovNw8T3kEvSJ6AhB37gbR/150x210/1710410864.jpeg?s=127d50aadb43e6c048f72b2e647f838c182d1c49
188,https://images1.vinted.net/t/03_005be_h7ADBRvxaXo8MKegAMZ1mvTm/150x210/1710410614.jpeg?s=cf0f3609f0d7be12845021e551489e743d9bf895
189,https://images1.vinted.net/t/02_01ee7_vi8P95auAGGLitViWUjezFc7/150x210/1710410499.jpeg?s=365df5893ec3253af299da49d2d01c9c33fa389c
190,https://images1.vinted.net/t/01_00c8b_DAZpprEYquSmvVkC4umCTCjG/150x210/1710410326.jpeg?s=2a7143691ac196c88c1432e44b9ce2d394e72d00
191,https://images1.vinted.net/t/01_014d8_3p9EDoD7p1BNKgea7RtQzW9h/150x210/1710062529.jpeg?s=077ea1c03973b16c75c6340a14d6df57de3805c7
192,https://images1.vinted.net/t/02_003a0_p9a7KPeYpfxbPQzPQyGJXqX7/150x210/1709806813.jpeg?s=2aae416e23d099c0524c2bcd97ae3dde8cc6e53f
193,https://images1.vinted.net/t/01_0122f_XqDawe6PJz9fs3ZDGTmeaFBf/150x210/1709798510.jpeg?s=b7dc3970c42b5c554349caca73295529e0fefd82
194,https://images1.vinted.net/t/02_008e9_5PLkY3LbRWdDwYHSP1rzWuvD/150x210/1709798064.jpeg?s=15c5f09b8d5ab6c9b876d0ad96984a7ec3569996
195,https://images1.vinted.net/t/02_0218e_E5yRiNDWUX9sXsrjPwTNhW3r/150x210/1709797779.jpeg?s=bc311464f0860cef832f74efeb24ef4d756f8378
196,https://images1.vinted.net/t/03_01ccd_BwnQsvFuBYgCEtzivtLkiPQK/150x210/1709722867.jpeg?s=722f3eaceae8aec580e19930758a187640d72b30
197,https://images1.vinted.net/t/01_005ad_wWeQbMLa5gA71nvhA8WgVqgw/150x210/1709722750.jpeg?s=f383acfccaafaad75b675aad6269721b2f676720
198,https://images1.vinted.net/t/01_0067e_79GaCZSJp22nTHX2Yr2f446V/150x210/1709661970.jpeg?s=a05d24121578869107f817e4dc9157576da2965b
199,https://images1.vinted.net/t/03_004cc_4qjo6szRnZceawPLjL5TtP1X/150x210/1709661202.jpeg?s=e73590faeaa38787d5e97512113c57b98953a96f
200,https://images1.vinted.net/t/02_0110d_CkMz2MMjoi1hxxdxCFQFbPLQ/150x210/1706862119.jpeg?s=c560a653cfdc41a0f8503822786a38adaf55cbe8
201,https://images1.vinted.net/t/03_0267a_z7Ys8c6KsSjvdK4BxNGdYFpo/150x210/1706861787.jpeg?s=9bb8d58e32714da3c6d5a41a680b4e9c35b5ff5f
202,https://images1.vinted.net/t/02_01659_zxXxqZoNVmMMUUAJxtxwedut/150x210/1712780577.jpeg?s=4fb1fce933e68f10cfb28c558605c3749f2e6e34
203,https://images1.vinted.net/t/02_008a7_fdbbeaHxnmA7UosQNKDNDJzf/150x210/1712780487.jpeg?s=1dc082db8956fd1e1b0ea946df37a9aba7fd2a22
204,https://images1.vinted.net/t/03_008e5_8naEo9N8ZFZVaTRtJb57FCp5/150x210/1712780412.jpeg?s=919aa3f954e1f9a0e10eeff17a47b5ecb7af28e9
205,https://images1.vinted.net/t/01_0022b_bkp4tXXSugr2ZEzT5pFitXYf/150x210/1712780359.jpeg?s=d653705ac145dbea67bcb9ed6ae5d4ffe750c8eb
206,https://images1.vinted.net/t/01_0160e_S8Edzz5yc44rHqRNk7MX3qL6/150x210/1712780219.jpeg?s=1b0888d7060c4f8a1ef2809add4f7e9e91efd555
207,https://images1.vinted.net/t/03_01fbc_AdmjtQ2EdvoXkZ5FKUsC1r9n/150x210/1712780111.jpeg?s=00c65ccfee22ad075fdeba046dc47a4b01a77530
208,https://images1.vinted.net/t/03_01491_4zTNsSvuinTHfRAiXBVDNGSW/150x210/1712780047.jpeg?s=82eee36dcdbef978d1355cc8e3d91ada154ed2aa
209,https://images1.vinted.net/t/02_01cd7_Rxb8fW3CnFteqX9x1fw5au2F/150x210/1712778871.jpeg?s=ec928cf4549a60ec7ebab16fc731c358637c9821
210,https://images1.vinted.net/t/01_020f5_XcFLtFvxHaLmKy12wUNQDDnw/150x210/1712778241.jpeg?s=86cfc5901fd6f484f2cccd205ef6b12141d973ff
211,https://images1.vinted.net/t/02_00d61_CAHoXUfTSKo3JrxUmWP2HEht/150x210/1712778079.jpeg?s=6570b6f50337253b8580d050eab64d692ad4686e
212,https://images1.vinted.net/t/01_02206_SPFKDmhfGLPLDjMDG11o7n9y/150x210/1712777997.jpeg?s=d94f4a5f6d1472f7cad28df64a8977042720fa99
213,https://images1.vinted.net/t/02_006a5_RixJedb8faLatkSG7H62C3fy/150x210/1712775825.jpeg?s=1879dd6de3369378d20efd4c3c8e34ff6ae88050
214,https://images1.vinted.net/t/01_0249b_bXwP4M8QKuHAZFaXdgfkqAWZ/150x210/1712091059.jpeg?s=15dba29d08dabfad5b3855f2892dd28854804be5
215,https://images1.vinted.net/t/02_00af2_fBU43dxuACeSbD6iyV67nf8m/150x210/1712090982.jpeg?s=a303cb2c6da252e44de4740ca9337511e4cf9ce5
216,https://images1.vinted.net/t/02_0040e_sPtN2n2yj1yxj9HiUo2ZFURH/150x210/1712090675.jpeg?s=67327b31b6d75f20734943bb2ad3a5fa0fc3f2f8
217,https://images1.vinted.net/t/03_00b61_N1waSnPVq7JZ92EPzqgL2cQv/150x210/1712090420.jpeg?s=564b69e0189efb282a0cce7c000f11e053df404f
218,https://images1.vinted.net/t/03_001c1_dkHPEyKwqoNR3vammvkbDGuk/150x210/1712090242.jpeg?s=ce10213f10dc11a673d4d7a685c7812d3e3fa501
219,https://images1.vinted.net/t/02_002dc_DywFt7MxCPLxpdAV8NLvj9xc/150x210/1712090064.jpeg?s=ff859b1a9954371310ee90869495c6ed2b3e480d
220,https://images1.vinted.net/t/01_021d9_oCU4Uhx22eeq8WokfsCquP4J/150x210/1712089852.jpeg?s=78fd7c94a0e3b3086721b76d19d33c5717343251
221,https://images1.vinted.net/t/03_00c05_BFw4PnpyJ9GWn4WDzZKBsYN2/150x210/1712089757.jpeg?s=ca0098e92998d96e415569b0f8680a93964928c7
222,https://images1.vinted.net/t/02_00cd8_bUqYBRZArmJTbnywtG1T5bRn/150x210/1712089665.jpeg?s=08db67d332d0b9cd6a8d51bb90eaef4d895fb32d
223,https://images1.vinted.net/t/02_0015b_qL4yMaqzXtTXq19f17e3Y99a/150x210/1711925367.jpeg?s=e6c626c1f323cd146d94984df4047a30ec66c331
224,https://images1.vinted.net/t/03_00c4e_uERPjwCcNz5FdPEKC9THx9AT/150x210/1711925299.jpeg?s=50c7e68e7add886e3c809f413cedda41f5c14d24
225,https://images1.vinted.net/t/01_01ad6_oSrYwM6744KQfzkntPLTpft8/150x210/1710240337.jpeg?s=d65dfc4c50f28e6bbef20056756425265e9ef805
226,https://images1.vinted.net/t/01_00fe5_VXtQqXaH3JZR93VyHfrZ2A9V/150x210/1710240236.jpeg?s=cd7aee0b41d4470a82a1a3e9cad59bc76481c154
227,https://images1.vinted.net/t/01_001a2_2adZ5TXnWGAtZXdutZ8zi74u/150x210/1710240169.jpeg?s=aec3a045dd46dd65353d3206af0ebe8378e06011
228,https://images1.vinted.net/t/03_01b3d_7NeMgoqLApWJ88SJDr9X9NaF/150x210/1710240083.jpeg?s=b931668e91c892e4eddc1aa07c016212c9d125e6
229,https://images1.vinted.net/t/03_01154_pgaGDUh4YwDPRewjjzZVgQda/150x210/1709461655.jpeg?s=d61d7f7731b3d9f7d2d90389e2fed6293c2452eb
230,https://images1.vinted.net/t/03_00e8e_gUVB6bGDzda8zSPXHrQk1XbT/150x210/1709461348.jpeg?s=8f361ae67164424a65a096517a45cda590b443ad
231,https://images1.vinted.net/t/01_01d9e_Ubha4CSpy4f6QLWpBd5QqdNo/150x210/1707389257.jpeg?s=60f87a57a7dfebe9b2195a80f4db070c15430b9c
232,https://images1.vinted.net/t/01_023d5_ZCgWXQdmvB8LoPAtiyuKV96p/150x210/1707389079.jpeg?s=7edb90deb6d1b01b58336373c2ab8fea3c13f3e3
233,https://images1.vinted.net/t/03_02144_Ws8gbSVf1SF4pt9Y75WZSadU/150x210/1707389022.jpeg?s=c31feee1c15f3b0b40946a51f7593aa94b76e95c
234,https://images1.vinted.net/t/01_009e1_6g2p3DAqA2spgNm185D5yu2u/150x210/1707388959.jpeg?s=3de0332aefd034d158093c5347117962419dde8a
235,https://images1.vinted.net/t/02_01b7d_7QUJvkySS9PxcfxL71R8g2T7/150x210/1707388886.jpeg?s=7e0bab2c51869e537b2a7c2713067bae5da14bfe
236,https://images1.vinted.net/t/03_00610_6qEpW8CwrCj2WzSq2qPL8gLV/150x210/1707388831.jpeg?s=b8b8bb2efc7a38d94a5657ce94157ec767efcb70
237,https://images1.vinted.net/t/02_02675_5pEDpzQ77M75Nukw4tdsfwGp/150x210/1707388559.jpeg?s=b7a3a382f485df76af8f8c7b89f6fab21c49eae8
238,https://images1.vinted.net/t/03_0223d_7uysp64FqYw9JxQ2UAspPDCQ/150x210/1707381552.jpeg?s=edcdd769bce9c7d26aff26d94599ca65752048cc
239,https://images1.vinted.net/t/02_0074c_NwbU55uxPywSPsmcfdV42Wnk/150x210/1707381439.jpeg?s=32a3be670d3e2c44a6e323c445513d4fa6b57a36
240,https://images1.vinted.net/t/01_00b63_h4cdFXypPHrkWy5kCYybW14c/150x210/1707381183.jpeg?s=9fda2d4d6e1ab79e3f82d4297ab08798f523d0e6
241,https://images1.vinted.net/t/01_01f65_pWkTkcV2k2cM8hLy4YekSkPW/150x210/1709462156.jpeg?s=99023ca921d81f6bbb0d29a4a820e6bd935ff178
242,https://images1.vinted.net/t/02_00a30_4kXYM5EuqpcN2AMkUDULJedh/150x210/1706702787.jpeg?s=28dc0f8767e91b81834124b4bc62fea625d2e124
243,https://images1.vinted.net/t/03_004a5_3bKFKoWoGon8yPgCaZsuLynq/150x210/1706702422.jpeg?s=987920c9badeef46b5a1fafc747ff0b637ebee28
244,https://images1.vinted.net/t/01_00afa_rpZw88A8qdZswb2gEZ3Bcqw7/150x210/1706556669.jpeg?s=f37dd577aa0cc100122dbbe4941045a5d63de14e
245,https://images1.vinted.net/t/01_002bc_pNK82N7jZtnDKvdJMLbJcfEy/150x210/1706556511.jpeg?s=96b936f3ede8425d3b1d99644869a56cf2c73849
246,https://images1.vinted.net/t/01_00b7b_KzffbYMu9tP5mjxHCyHdisyr/150x210/1706555753.jpeg?s=3fa455d67cf00ca79efae245724a168b17d1668d
247,https://images1.vinted.net/t/01_014f9_geCmQB4wY7yYjayS5asvKfiV/150x210/1706100509.jpeg?s=46bcc9b3430bd1648433f57539130f2d8e446559
248,https://images1.vinted.net/t/03_0112d_hNCXMX4sZdC73MXnx6y6bwZf/150x210/1706100450.jpeg?s=9b9fead26a398f0d946d18d0d907938765fbc620
249,https://images1.vinted.net/t/01_011ca_YNi7FVo4nUUojL6K79nM5qmk/150x210/1706100391.jpeg?s=0e7b951eaccf632cf24ad30fac9dce4fa63ea10b
250,https://images1.vinted.net/t/03_00db3_AzPV9T1MFDcDX1kuiC6qDXtA/150x210/1711294246.jpeg?s=82f3714653dc706103d013940d88dde45098dbb7
251,https://images1.vinted.net/t/02_00cdc_CBkB9T4nWm2sd4L9sY7jEBCB/150x210/1710101639.jpeg?s=355e94e9d1a53728a619b405447f8857bf75c400
252,https://images1.vinted.net/t/01_019e1_PHZSewFd4no3pp2pt47HfurK/150x210/1710082010.jpeg?s=e398ec0674d81b4007efa9bde632a7e6c7dbb1a6
253,https://images1.vinted.net/t/02_005dd_WP6NHWjBpjGHwvB2rPCA3HE8/150x210/1709935011.jpeg?s=7e2d0b171044d817cccb207127acf37ed27a37e2
254,https://images1.vinted.net/t/03_00197_HjPKHHQxmBZu3EMpgUMXeNeo/150x210/1709934212.jpeg?s=c29b29e185d59b94e1ef8d194618d8e5f3de2e04
255,https://images1.vinted.net/t/01_01d8f_7eBVQTx142MpHrTJm5v7zfrF/150x210/1709932670.jpeg?s=fa50272fe9cacadc9b584b0525351d77b6a4e0ea
256,https://images1.vinted.net/t/03_00693_ArGv2Qj2AoyjfgcvgVyLANJr/150x210/1709931201.jpeg?s=0ee1dbc24ff2e78296e0f30d162f239e14342429
257,https://images1.vinted.net/t/01_01284_XfAsQ8LauPHpLQixy22bPXzK/150x210/1709929187.jpeg?s=138d3b9c7cf164d50640490d19c58183aefd0b5a
258,https://images1.vinted.net/t/02_023f0_UxAFsauas756ByLHEtC2HPux/150x210/1709895573.jpeg?s=6772dbf12852922598d37219efb8abc4d64225b6
259,https://images1.vinted.net/t/03_01155_YFD6195GUzNCMxgUGVVzPuE4/150x210/1707994186.jpeg?s=e759d800a75f9ead5f88192bdf10c4976b7b91f3
260,https://images1.vinted.net/t/01_00224_1Gw82TmFQaNsr9wXmzzq7UNo/150x210/1707988736.jpeg?s=d9b1fda710565cdd62ebb086e3bf858f94c99ad5
261,https://images1.vinted.net/t/03_012dc_vuQYqrBGsVBsTe9V5xbTcfCX/150x210/1707494360.jpeg?s=12643e5269d7a8e44749296990a16a568092ffa7
262,https://images1.vinted.net/t/02_0110a_UbysDSYf1wC8WVz6k8TtqQEx/150x210/1707492332.jpeg?s=2718bdb7d8499ec871885b10d70217ceb69efd7c
263,https://images1.vinted.net/t/01_00a14_WWHaowNtVydJ9HcFTuKa5Yuv/150x210/1706243709.jpeg?s=38252853b1a0034dba20e0b244b531862d3bdb07
264,https://images1.vinted.net/t/03_02641_JTXzDTEkazitb1dfvviaURob/150x210/1706392206.jpeg?s=252965c38d9d4d468a73edac48738563877178eb
265,https://images1.vinted.net/t/03_009ac_Qxze9Ux8sWha4q9sFSPtPU3J/150x210/1706104952.jpeg?s=bcc58e48464c126b578fa99e01035574e934b8b2
266,https://images1.vinted.net/t/02_0097b_ZtLaqVv9mJpwVaMvUmkfeLQD/150x210/1706052198.jpeg?s=7110490f21c9955e5055eec4bcc6034adcbe5f7c
267,https://images1.vinted.net/t/01_00f67_shiAmMMsw3k7k7fqBnBfWrWr/150x210/1705137664.jpeg?s=46c87590498c03bd3357a59bce8a7018dcc0bd61
268,https://images1.vinted.net/t/01_01591_rH9eYvUGzPtSdPJzy2eGyUz4/150x210/1705137155.jpeg?s=a092fb5ff70d0e7fe464f7e5433f7c876171e74f
269,https://images1.vinted.net/t/02_025a8_YsFcHKh2kMcqFeLbb6yh6iaf/150x210/1703950299.jpeg?s=1dad5c2f8e49876cd6c29f260b1520644fc93ef3
270,https://images1.vinted.net/t/01_02055_JpSAA5zdUQzPNYRaJAzqsLzZ/150x210/1703953478.jpeg?s=5fca647feae5e3d8f1e275f52e5b48ba81337c44
271,https://images1.vinted.net/t/03_01c3e_Bzn7qEcUESYYRKssETHNF6hs/150x210/1703951983.jpeg?s=a5581a95a8e7028f30acc7febf4260a9ad8fa004
272,https://images1.vinted.net/t/02_01c55_EfEVoGjjCifrF1zp3PHcrQP9/150x210/1703609149.jpeg?s=97ea6cf75c685896a06b9467fba7c0edd2cfe4cf
273,https://images1.vinted.net/t/03_00bb5_s1BXkvoeMvFLLDvtovVcG9Gn/150x210/1703607379.jpeg?s=743c7d201bc3d25a61967a03585df64af8963c7b
274,https://images1.vinted.net/t/03_00b39_PsYt4bYEQD3saLio7eANCRUb/150x210/1703606260.jpeg?s=03445e5352158ed7c881fb6a319ad01f4629aa01
275,https://images1.vinted.net/t/01_01c98_cYdsh3Q1F5gu6iqTaMvNtc9r/150x210/1703605683.jpeg?s=d29323bbb9d6539981859b7fda87335682e17ba5
276,https://images1.vinted.net/t/03_01672_GWhbTgpT6NGZqakRhaA2KbQw/150x210/1703605390.jpeg?s=27efa76895bcd422351cd4a6b75339ba29c04ce9
277,https://images1.vinted.net/t/03_001fa_AmCdeCCZLXr993i9bQSzG6TC/150x210/1703598117.jpeg?s=db175eca8f5a5c050bdfa534b59160923bfaae39
278,https://images1.vinted.net/t/03_017cc_y4QG8AmpuoDkXYtFLEeXKkcM/150x210/1703590477.jpeg?s=6794ac2194362974b3e0b3f826cc307ae7cb9894
279,https://images1.vinted.net/t/02_01b0d_QR5r9aZq84mtFb4ty4pPevCe/150x210/1703528903.jpeg?s=9fa845d443c89d9bf4f00a76d2c6f1cc21e9c893
280,https://images1.vinted.net/t/02_01d35_Pwtnws3krJNLuXoF5YKWCWMM/150x210/1703080412.jpeg?s=3e073197045f64d674b883b25d51968c0914753b
281,https://images1.vinted.net/t/01_010c3_vUHz5QDXxDnhNgBv8AVCBWVQ/150x210/1703075845.jpeg?s=04b05d90dddae99292f46ca94999f3f84609de5f
282,https://images1.vinted.net/t/02_01c27_HEE2xZFCXxhq1hJicej5Kd6w/150x210/1702856410.jpeg?s=a8f8226eb837906a47b4b65c1edbcbfddc851c20
283,https://images1.vinted.net/t/02_01499_Yob1MejgPsDjRzppmkq9ojmM/150x210/1702854988.jpeg?s=3327de2e10f129a170ada5fe4b1a700557f9b3fc
284,https://images1.vinted.net/t/01_01db6_4V14rEjsEr3gkGLe5Zdz33FM/150x210/1702854294.jpeg?s=1285b937e58723397216384030c7c5f182325fa5
285,https://images1.vinted.net/t/02_01c31_qjyom8hHqRDSCgZuqgz99XUD/150x210/1702853317.jpeg?s=a776765b07008e07c8df9edda00504f77e9b476b
286,https://images1.vinted.net/t/02_01e6e_ASW88ubYdgB46ukaBedh1rut/150x210/1702852787.jpeg?s=7e5f76bd53e312d2dce72015b1bf940a1e31c230
287,https://images1.vinted.net/t/01_0210b_dbAALZhxWogRTkrRbeeDSar6/150x210/1702852517.jpeg?s=da35f719d58b2cd6c3592866605f80d958c84f07
288,https://images1.vinted.net/t/02_01ad1_zbpYmf8aVLPCvpYjot2A48tb/150x210/1702852070.jpeg?s=4ebf4d915fa2658323c7c5ad5ce9c957394c6d9e
289,https://images1.vinted.net/t/02_01bd0_dkmGBV5y44X4hSjmZHaEnfnL/150x210/1702851839.jpeg?s=1717d3470a1dbbc3bf12a1dce5fee7488d450650
290,https://images1.vinted.net/t/01_01e5d_qu2HwCDyrmBpdg7VBcK9HB8N/150x210/1702844899.jpeg?s=6664d31c41fdce2f8334b814179f6c2153dfbb8f
291,https://images1.vinted.net/t/02_00601_G9h2PoieG6mke1KQBQADM4VS/150x210/1702291705.jpeg?s=b11dd22e71c516f877e3cfe96ad33649916f3c97
292,https://images1.vinted.net/t/01_01622_7fE49s7bUkaPsTL594LxSAzN/150x210/1700401446.jpeg?s=0ead4206e21b36c22ac8cb157ec230c98214f9c1
293,https://images1.vinted.net/t/02_02097_LuwJZz16HeCMoKtHLHj8tsdn/150x210/1700400359.jpeg?s=0b36c9cb6f59d870ea4b9a716753732498672eba
294,https://images1.vinted.net/t/03_023d1_nubm8CrvRKmrfvhuq5V15Puc/150x210/1700400227.jpeg?s=90e873d5333af67c13a993217f932e65c5463aa6
295,https://images1.vinted.net/t/01_00796_Mgk31733ProMwPLYAjeewEvz/150x210/1700400135.jpeg?s=282e1890cd34c142bab291fa8983282b86a7312c
296,https://images1.vinted.net/t/02_022a2_sphcnBS1Gk4DQbQxZULKZyKi/150x210/1700399537.jpeg?s=c73e19accbd7dac530ca3ef505df32355c3b2c1a
297,https://images1.vinted.net/t/03_012b8_GbcH9HP365quhq6gtPD9Py3A/150x210/1700399461.jpeg?s=b6793b0cad49f311c96ad0126eb67f51634d27fb
